rsid	population	allele	frequency
rs1801133	AFR	T	0.32
rs1801133	AMR	T	0.35
rs1801133	EAS	T	0.38
rs1801133	EUR	T	0.42
rs1801133	SAS	T	0.36
rs4988235	AFR	T	0.48
rs4988235	AMR	T	0.52
rs4988235	EAS	T	0.58
rs4988235	EUR	T	0.62
rs4988235	SAS	T	0.55
rs762551	AFR	T	0.28
rs762551	AMR	T	0.32
rs762551	EAS	T	0.38
rs762551	EUR	T	0.42
rs762551	SAS	T	0.35
rs601338	AFR	A	0.18
rs601338	AMR	A	0.22
rs601338	EAS	A	0.28
rs601338	EUR	A	0.32
rs601338	SAS	A	0.25
rs7041	AFR	C	0.38
rs7041	AMR	C	0.42
rs7041	EAS	C	0.48
rs7041	EUR	C	0.52
rs7041	SAS	C	0.45
rs4588	AFR	A	0.32
rs4588	AMR	A	0.37
rs4588	EAS	A	0.42
rs4588	EUR	A	0.47
rs4588	SAS	A	0.40
rs2282679	AFR	C	0.38
rs2282679	AMR	C	0.42
rs2282679	EAS	C	0.48
rs2282679	EUR	C	0.52
rs2282679	SAS	C	0.45
rs10741657	AFR	T	0.22
rs10741657	AMR	T	0.27
rs10741657	EAS	T	0.32
rs10741657	EUR	T	0.37
rs10741657	SAS	T	0.30
rs1815739	AFR	T	0.48
rs1815739	AMR	T	0.52
rs1815739	EAS	T	0.58
rs1815739	EUR	T	0.62
rs1815739	SAS	T	0.55
rs4680	AFR	A	0.38
rs4680	AMR	A	0.42
rs4680	EAS	A	0.48
rs4680	EUR	A	0.52
rs4680	SAS	A	0.45
rs7726159	AFR	T	0.28
rs7726159	AMR	T	0.32
rs7726159	EAS	T	0.38
rs7726159	EUR	T	0.42
rs7726159	SAS	T	0.35
rs2736100	AFR	T	0.32
rs2736100	AMR	T	0.37
rs2736100	EAS	T	0.42
rs2736100	EUR	T	0.47
rs2736100	SAS	T	0.40
rs11191865	AFR	T	0.22
rs11191865	AMR	T	0.27
rs11191865	EAS	T	0.32
rs11191865	EUR	T	0.37
rs11191865	SAS	T	0.30
rs2802292	AFR	T	0.28
rs2802292	AMR	T	0.32
rs2802292	EAS	T	0.38
rs2802292	EUR	T	0.42
rs2802292	SAS	T	0.35
rs429358	AFR	T	0.12
rs429358	AMR	T	0.17
rs429358	EAS	T	0.22
rs429358	EUR	T	0.27
rs429358	SAS	T	0.20
rs7412	AFR	T	0.06
rs7412	AMR	T	0.09
rs7412	EAS	T	0.12
rs7412	EUR	T	0.17
rs7412	SAS	T	0.11