rsid	chromosome	position	ref_allele	alt_allele	maf	clinical_significance	gene
rs1801133	1	11794421	C	T	0.35	benign	MTHFR
rs6025	1	167814841	G	A	0.05	pathogenic	F5
rs1799963	1	11794421	C	T	0.30	benign	MTHFR
rs4988235	2	136608646	C	T	0.45	benign	MCM6
rs762551	15	74749096	C	T	0.30	benign	CYP1A2
rs601338	19	49206526	G	A	0.20	benign	FUT2
rs7041	4	71750790	T	C	0.40	benign	GC
rs4588	4	71750790	C	A	0.35	benign	GC
rs2282679	4	71750790	T	C	0.40	benign	GC
rs10741657	11	14893821	C	T	0.25	benign	CYP2R1
rs1815739	11	66560624	C	T	0.50	benign	ACTN3
rs4680	22	19941793	G	A	0.40	benign	COMT
rs7726159	3	169482053	C	T	0.30	benign	TERC
rs2736100	5	1253738	C	T	0.35	benign	TERT
rs11191865	10	105145827	C	T	0.25	benign	OBFC1
rs2802292	6	108982005	C	T	0.30	benign	FOXO3
rs429358	19	44908684	C	T	0.15	benign	APOE
rs7412	19	44908684	C	T	0.08	benign	APOE
rs57875989	1	7881588	C	T	0.25	benign	PER3
rs1801260	4	55424197	C	T	0.30	benign	CLOCK
rs11063118	1	182580000	C	T	0.35	benign	RGS16
rs11252394	6	41790600	C	T	0.20	benign	MEIS1
rs713598	7	141670000	C	T	0.30	benign	TAS2R38
rs1726866	7	141670000	G	A	0.35	benign	TAS2R38
rs10246939	7	141670000	C	T	0.30	benign	TAS2R38
rs10427255	2	144390000	C	T	0.15	benign	ZEB2
rs4481887	1	248050000	A	G	0.25	benign	OR2M7
rs4244285	10	96541615	G	A	0.25	benign	CYP2C19
rs1057910	10	96702047	C	T	0.15	benign	CYP2C9
rs1799853	10	96702047	A	C	0.10	benign	CYP2C9
rs9923231	16	31096368	G	A	0.40	benign	VKORC1
rs1800460	2	233760590	T	A	0.30	benign	UGT1A1
rs3892097	22	42522500	C	T	0.20	benign	CYP2D6
rs1800462	6	18139214	C	T	0.05	benign	TPMT
rs55886062	1	97915614	C	T	0.02	pathogenic	DPYD
rs4149056	12	21222650	T	C	0.15	benign	SLCO1B1
rs3918290	6	31353872	G	T	0.10	benign	HLA-B
rs144488907	6	31353872	A	T	0.01	pathogenic	HLA-B
rs1061235	6	29942470	C	T	0.05	benign	HLA-A